Cluster,Pincodes,Total_Enrolments,Avg_Enrolments,Avg_Daily_Rate,Age_0_5,Age_5_17,Age_18_Plus,Priority
0,45809,2243450,48.974000742212226,2.0030671876034796,1881110,334177,28163,HIGH
1,2907,5007276,1722.4891640866872,24.473743116857698,2992392,1821092,193792,LOW
2,14930,2526770,169.24112525117215,3.4415721234194714,1657033,837408,32329,HIGH
3,80,141950,1774.375,1419.0,69480,70441,2029,LOW
4,241,1559939,6472.775933609959,82.71349355625851,803871,639906,116162,LOW
5,40559,4658300,114.85243719026603,3.0320149508004324,3088591,1437721,131988,HIGH
6,703,452284,643.3627311522048,407.79567499830654,224121,193349,34814,LOW
7,42170,4430794,105.06981266303059,2.8039261755252327,3447873,899029,83892,HIGH
